,item_id,_key,value_type,item_app_id,application_id,Application
0,32483,UPS1_Input_Voltage_L1L2,0,45189.0,1411.0,UPS 1
1,32484,UPS1_Input_Voltage_L1L3,0,45190.0,1411.0,UPS 1
2,32485,UPS1_Input_Voltage_L2L3,0,45191.0,1411.0,UPS 1
3,32486,UPS1_Input_Current_L1,0,45192.0,1411.0,UPS 1
4,32487,UPS1_Input_Current_L2,0,45193.0,1411.0,UPS 1
5,32488,UPS1_Input_Current_L3,0,45194.0,1411.0,UPS 1
6,32489,UPS1_Output_Voltage_L1L2,0,45195.0,1411.0,UPS 1
7,32490,UPS1_Output_Voltage_L1L3,0,45196.0,1411.0,UPS 1
8,32491,UPS1_Output_Voltage_L2L3,0,45197.0,1411.0,UPS 1
9,32492,UPS1_Total_Output_Load,0,45198.0,1411.0,UPS 1
10,32493,UPS1_Output_Voltage_L1,0,45199.0,1411.0,UPS 1
11,32494,UPS1_Active_Output_L1,0,45200.0,1411.0,UPS 1
12,32495,UPS1_Total_Output_Power_L1,0,45201.0,1411.0,UPS 1
13,32496,UPS1_Output_Voltage_L2,0,45202.0,1411.0,UPS 1
14,32497,UPS1_Active_Output_L2,0,45203.0,1411.0,UPS 1
15,32498,UPS1_Total_Output_Power_L2,0,45204.0,1411.0,UPS 1
16,32499,UPS1_Output_Voltage_L3,0,45205.0,1411.0,UPS 1
17,32500,UPS1_Active_Output_L3,0,45206.0,1411.0,UPS 1
18,32501,UPS1_Total_Output_Power_L3,0,45207.0,1411.0,UPS 1
19,32502,UPS1_Total_Output_Current,0,45208.0,1411.0,UPS 1
20,32503,UPS1_Total_Output_Active,0,45209.0,1411.0,UPS 1
21,32504,UPS1_Total_Output_Power,0,45210.0,1411.0,UPS 1
22,32505,UPS1_Battery_Voltage,0,45211.0,1411.0,UPS 1
23,32506,UPS1_Battery_Temperature,0,45212.0,1411.0,UPS 1
24,32507,UPS1_Battery_Status,3,45213.0,1411.0,UPS 1
25,32508,UPS1_Battery_RunTime_Remaining,0,45214.0,1411.0,UPS 1
26,32509,UPS1_Battery_Capacity,0,45215.0,1411.0,UPS 1
27,32511,UPS2_Input_Voltage_L1L2,0,46084.0,1444.0,UPS 2
28,32512,UPS2_Input_Voltage_L1L3,0,46085.0,1444.0,UPS 2
29,32513,UPS2_Input_Voltage_L2L3,0,46086.0,1444.0,UPS 2
30,32514,UPS2_Input_Current_L1,0,46087.0,1444.0,UPS 2
31,32515,UPS2_Input_Current_L2,0,46088.0,1444.0,UPS 2
32,32516,UPS2_Input_Current_L3,0,46089.0,1444.0,UPS 2
33,32517,UPS2_Output_Voltage_L1L2,0,46090.0,1444.0,UPS 2
34,32518,UPS2_Output_Voltage_L1L3,0,46091.0,1444.0,UPS 2
35,32519,UPS2_Output_Voltage_L2L3,0,46092.0,1444.0,UPS 2
36,32520,UPS2_Total_Output_Load,0,46093.0,1444.0,UPS 2
37,32521,UPS2_Output_Voltage_L1,0,46094.0,1444.0,UPS 2
38,32522,UPS2_Active_Output_L1,0,46095.0,1444.0,UPS 2
39,32523,UPS2_Total_Output_Power_L1,0,46096.0,1444.0,UPS 2
40,32524,UPS2_Output_Voltage_L2,0,46097.0,1444.0,UPS 2
41,32525,UPS2_Active_Output_L2,0,46098.0,1444.0,UPS 2
42,32526,UPS2_Total_Output_Power_L2,0,46099.0,1444.0,UPS 2
43,32527,UPS2_Output_Voltage_L3,0,46100.0,1444.0,UPS 2
44,32528,UPS2_Active_Output_L3,0,46101.0,1444.0,UPS 2
45,32529,UPS2_Total_Output_Power_L3,0,46102.0,1444.0,UPS 2
46,32530,UPS2_Total_Output_Current,0,46103.0,1444.0,UPS 2
47,32531,UPS2_Total_Output_Active,0,46104.0,1444.0,UPS 2
48,32532,UPS2_Total_Output_Power,0,46105.0,1444.0,UPS 2
49,32533,UPS2_Battery_Voltage,0,46106.0,1444.0,UPS 2
50,32534,UPS2_Battery_Temperature,0,46107.0,1444.0,UPS 2
51,32535,UPS2_Battery_Status,3,46108.0,1444.0,UPS 2
52,32536,UPS2_Battery_RunTime_Remaining,0,46109.0,1444.0,UPS 2
53,32537,UPS2_Battery_Capacity,0,46110.0,1444.0,UPS 2
54,32539,UPS3_Input_Voltage_L1L2,0,46119.0,1445.0,UPS 3
55,32540,UPS3_Input_Voltage_L1L3,0,46120.0,1445.0,UPS 3
56,32541,UPS3_Input_Voltage_L2L3,0,46121.0,1445.0,UPS 3
57,32542,UPS3_Input_Current_L1,0,46122.0,1445.0,UPS 3
58,32543,UPS3_Input_Current_L2,0,46123.0,1445.0,UPS 3
59,32544,UPS3_Input_Current_L3,0,46124.0,1445.0,UPS 3
60,32545,UPS3_Output_Voltage_L1L2,0,46125.0,1445.0,UPS 3
61,32546,UPS3_Output_Voltage_L1L3,0,46126.0,1445.0,UPS 3
62,32547,UPS3_Output_Voltage_L2L3,0,46127.0,1445.0,UPS 3
63,32548,UPS3_Total_Output_Load,0,46128.0,1445.0,UPS 3
64,32549,UPS3_Output_Voltage_L1,0,46129.0,1445.0,UPS 3
65,32550,UPS3_Active_Output_L1,0,46130.0,1445.0,UPS 3
66,32551,UPS3_Total_Output_Power_L1,0,46131.0,1445.0,UPS 3
67,32552,UPS3_Output_Voltage_L2,0,46132.0,1445.0,UPS 3
68,32553,UPS3_Active_Output_L2,0,46133.0,1445.0,UPS 3
69,32554,UPS3_Total_Output_Power_L2,0,46134.0,1445.0,UPS 3
70,32555,UPS3_Output_Voltage_L3,0,46135.0,1445.0,UPS 3
71,32556,UPS3_Active_Output_L3,0,46136.0,1445.0,UPS 3
72,32557,UPS3_Total_Output_Power_L3,0,46137.0,1445.0,UPS 3
73,32558,UPS3_Total_Output_Current,0,46138.0,1445.0,UPS 3
74,32559,UPS3_Total_Output_Active,0,46139.0,1445.0,UPS 3
75,32560,UPS3_Total_Output_Power,0,46140.0,1445.0,UPS 3
76,32561,UPS3_Battery_Voltage,0,46141.0,1445.0,UPS 3
77,32562,UPS3_Battery_Temperature,0,46142.0,1445.0,UPS 3
78,32563,UPS3_Battery_Status,3,46143.0,1445.0,UPS 3
79,32564,UPS3_Battery_RunTime_Remaining,0,46144.0,1445.0,UPS 3
80,32565,UPS3_Battery_Capacity,0,46145.0,1445.0,UPS 3
81,32567,UPS4_Input_Voltage_L1L2,0,46396.0,1446.0,UPS 4
82,32568,UPS4_Input_Voltage_L1L3,0,46397.0,1446.0,UPS 4
83,32569,UPS4_Input_Voltage_L2L3,0,46398.0,1446.0,UPS 4
84,32570,UPS4_Input_Current_L1,0,46399.0,1446.0,UPS 4
85,32571,UPS4_Input_Current_L2,0,46400.0,1446.0,UPS 4
86,32572,UPS4_Input_Current_L3,0,46401.0,1446.0,UPS 4
87,32573,UPS4_Output_Voltage_L1L2,0,46402.0,1446.0,UPS 4
88,32574,UPS4_Output_Voltage_L1L3,0,46403.0,1446.0,UPS 4
89,32575,UPS4_Output_Voltage_L2L3,0,46404.0,1446.0,UPS 4
90,32576,UPS4_Total_Output_Load,0,46405.0,1446.0,UPS 4
91,32577,UPS4_Output_Voltage_L1,0,46406.0,1446.0,UPS 4
92,32578,UPS4_Active_Output_L1,0,46407.0,1446.0,UPS 4
93,32579,UPS4_Total_Output_Power_L1,0,46408.0,1446.0,UPS 4
94,32580,UPS4_Output_Voltage_L2,0,46409.0,1446.0,UPS 4
95,32581,UPS4_Active_Output_L2,0,46410.0,1446.0,UPS 4
96,32582,UPS4_Total_Output_Power_L2,0,46411.0,1446.0,UPS 4
97,32583,UPS4_Output_Voltage_L3,0,46412.0,1446.0,UPS 4
98,32584,UPS4_Active_Output_L3,0,46413.0,1446.0,UPS 4
99,32585,UPS4_Total_Output_Power_L3,0,46414.0,1446.0,UPS 4
100,32586,UPS4_Total_Output_Current,0,46415.0,1446.0,UPS 4
101,32587,UPS4_Total_Output_Active,0,46416.0,1446.0,UPS 4
102,32588,UPS4_Total_Output_Power,0,46417.0,1446.0,UPS 4
103,32589,UPS4_Battery_Voltage,0,46418.0,1446.0,UPS 4
104,32590,UPS4_Battery_Temperature,0,46419.0,1446.0,UPS 4
105,32591,UPS4_Battery_Status,3,46420.0,1446.0,UPS 4
106,32592,UPS4_Battery_RunTime_Remaining,0,46421.0,1446.0,UPS 4
107,32593,UPS4_Battery_Capacity,0,46422.0,1446.0,UPS 4
108,32806,GRH1_PM_Current_L1,0,54488.0,1413.0,GRH 1
109,32807,GRH1_PM_Current_L2,0,54490.0,1413.0,GRH 1
110,32808,GRH1_PM_Current_L3,0,54492.0,1413.0,GRH 1
111,32809,GRH1_PM_Current_N,0,54494.0,1413.0,GRH 1
112,32810,GRH1_PM_Voltage_L1,0,54496.0,1413.0,GRH 1
113,32811,GRH1_PM_Voltage_L2,0,54498.0,1413.0,GRH 1
114,32812,GRH1_PM_Voltage_L3,0,54500.0,1413.0,GRH 1
115,32816,GRH1_PM_Active_L1,0,54508.0,1413.0,GRH 1
116,32817,GRH1_PM_Active_L2,0,54510.0,1413.0,GRH 1
117,32818,GRH1_PM_Active_L3,0,54512.0,1413.0,GRH 1
118,32819,GRH1_PM_Total_L1,0,54514.0,1413.0,GRH 1
119,32820,GRH1_PM_Total_L2,0,54516.0,1413.0,GRH 1
120,32821,GRH1_PM_Total_L3,0,54518.0,1413.0,GRH 1
121,32823,GRH2_PM_Current_L1,0,54586.0,1466.0,GRH 2
122,32824,GRH2_PM_Current_L2,0,54588.0,1466.0,GRH 2
123,32825,GRH2_PM_Current_L3,0,54590.0,1466.0,GRH 2
124,32826,GRH2_PM_Current_N,0,54592.0,1466.0,GRH 2
125,32827,GRH2_PM_Voltage_L1,0,54594.0,1466.0,GRH 2
126,32828,GRH2_PM_Voltage_L2,0,54596.0,1466.0,GRH 2
127,32829,GRH2_PM_Voltage_L3,0,54598.0,1466.0,GRH 2
128,32833,GRH2_PM_Active_L1,0,54606.0,1466.0,GRH 2
129,32834,GRH2_PM_Active_L2,0,54608.0,1466.0,GRH 2
130,32835,GRH2_PM_Active_L3,0,54610.0,1466.0,GRH 2
131,32836,GRH2_PM_Total_L1,0,54612.0,1466.0,GRH 2
132,32837,GRH2_PM_Total_L2,0,54614.0,1466.0,GRH 2
133,32838,GRH2_PM_Total_L3,0,54616.0,1466.0,GRH 2
134,32840,GRH3_PM_Current_L1,0,54684.0,1467.0,GRH 3
135,32841,GRH3_PM_Current_L2,0,54686.0,1467.0,GRH 3
136,32842,GRH3_PM_Current_L3,0,54688.0,1467.0,GRH 3
137,32843,GRH3_PM_Current_N,0,54690.0,1467.0,GRH 3
138,32844,GRH3_PM_Voltage_L1,0,54692.0,1467.0,GRH 3
139,32845,GRH3_PM_Voltage_L2,0,54694.0,1467.0,GRH 3
140,32846,GRH3_PM_Voltage_L3,0,54696.0,1467.0,GRH 3
141,32850,GRH3_PM_Active_L1,0,54704.0,1467.0,GRH 3
142,32851,GRH3_PM_Active_L2,0,54706.0,1467.0,GRH 3
143,32852,GRH3_PM_Active_L3,0,54708.0,1467.0,GRH 3
144,32853,GRH3_PM_Total_L1,0,54710.0,1467.0,GRH 3
145,32854,GRH3_PM_Total_L2,0,54712.0,1467.0,GRH 3
146,32855,GRH3_PM_Total_L3,0,54714.0,1467.0,GRH 3
147,32857,R11_PDUA_Curent_L1,0,54826.0,1414.0,Rack R11
148,32858,R11_PDUA_Curent_L2,0,54828.0,1414.0,Rack R11
149,32859,R11_PDUA_Curent_L3,0,54830.0,1414.0,Rack R11
150,32860,R11_PDUA_Voltage_L1,0,54832.0,1414.0,Rack R11
151,32861,R11_PDUA_Voltage_L2,0,54834.0,1414.0,Rack R11
152,32862,R11_PDUA_Voltage_L3,0,54836.0,1414.0,Rack R11
153,32863,R11_PDUA_Power_L1,0,54838.0,1414.0,Rack R11
154,32864,R11_PDUA_Power_L2,0,54840.0,1414.0,Rack R11
155,32865,R11_PDUA_Power_L3,0,54842.0,1414.0,Rack R11
156,32866,R11_PDUA_Power,0,54844.0,1414.0,Rack R11
157,32867,R11_PDUA_Energy,0,54846.0,1414.0,Rack R11
158,32868,R11_PDUA_LoadState_L1,0,54848.0,1414.0,Rack R11
159,32869,R11_PDUA_LoadState_L2,0,54850.0,1414.0,Rack R11
160,32870,R11_PDUA_LoadState_L3,0,54852.0,1414.0,Rack R11
161,32871,R11_PDUB_Curent_L1,0,54854.0,1414.0,Rack R11
162,32872,R11_PDUB_Curent_L2,0,54856.0,1414.0,Rack R11
163,32873,R11_PDUB_Curent_L3,0,54858.0,1414.0,Rack R11
164,32874,R11_PDUB_Voltage_L1,0,54860.0,1414.0,Rack R11
165,32875,R11_PDUB_Voltage_L2,0,54862.0,1414.0,Rack R11
166,32876,R11_PDUB_Voltage_L3,0,54864.0,1414.0,Rack R11
167,32877,R11_PDUB_Power_L1,0,54866.0,1414.0,Rack R11
168,32878,R11_PDUB_Power_L2,0,54868.0,1414.0,Rack R11
169,32879,R11_PDUB_Power_L3,0,54870.0,1414.0,Rack R11
170,32880,R11_PDUB_Power,0,54872.0,1414.0,Rack R11
171,32881,R11_PDUB_Energy,0,54874.0,1414.0,Rack R11
172,32882,R11_PDUB_LoadState_L1,0,54876.0,1414.0,Rack R11
173,32883,R11_PDUB_LoadState_L2,0,54878.0,1414.0,Rack R11
174,32884,R11_PDUB_LoadState_L3,0,54880.0,1414.0,Rack R11
175,32885,R12_PDUA_Curent_L1,0,54886.0,1429.0,Rack R12
176,32886,R12_PDUA_Curent_L2,0,54888.0,1429.0,Rack R12
177,32887,R12_PDUA_Curent_L3,0,54890.0,1429.0,Rack R12
178,32888,R12_PDUA_Voltage_L1,0,54892.0,1429.0,Rack R12
179,32889,R12_PDUA_Voltage_L2,0,54894.0,1429.0,Rack R12
180,32890,R12_PDUA_Voltage_L3,0,54896.0,1429.0,Rack R12
181,32891,R12_PDUA_Power_L1,0,54898.0,1429.0,Rack R12
182,32892,R12_PDUA_Power_L2,0,54900.0,1429.0,Rack R12
183,32893,R12_PDUA_Power_L3,0,54902.0,1429.0,Rack R12
184,32894,R12_PDUA_Power,0,54904.0,1429.0,Rack R12
185,32895,R12_PDUA_Energy,0,54906.0,1429.0,Rack R12
186,32896,R12_PDUA_LoadState_L1,0,54908.0,1429.0,Rack R12
187,32897,R12_PDUA_LoadState_L2,0,54910.0,1429.0,Rack R12
188,32898,R12_PDUA_LoadState_L3,0,54912.0,1429.0,Rack R12
189,32899,R12_PDUB_Curent_L1,0,54914.0,1429.0,Rack R12
190,32900,R12_PDUB_Curent_L2,0,54916.0,1429.0,Rack R12
191,32901,R12_PDUB_Curent_L3,0,54918.0,1429.0,Rack R12
192,32902,R12_PDUB_Voltage_L1,0,54920.0,1429.0,Rack R12
193,32903,R12_PDUB_Voltage_L2,0,54922.0,1429.0,Rack R12
194,32904,R12_PDUB_Voltage_L3,0,54924.0,1429.0,Rack R12
195,32905,R12_PDUB_Power_L1,0,54926.0,1429.0,Rack R12
196,32906,R12_PDUB_Power_L2,0,54928.0,1429.0,Rack R12
197,32907,R12_PDUB_Power_L3,0,54930.0,1429.0,Rack R12
198,32908,R12_PDUB_Power,0,54932.0,1429.0,Rack R12
199,32909,R12_PDUB_Energy,0,54934.0,1429.0,Rack R12
200,32910,R12_PDUB_LoadState_L1,0,54936.0,1429.0,Rack R12
201,32911,R12_PDUB_LoadState_L2,0,54938.0,1429.0,Rack R12
202,32912,R12_PDUB_LoadState_L3,0,54940.0,1429.0,Rack R12
203,32913,R13_PDUA_Curent_L1,0,54948.0,1422.0,Rack R13
204,32914,R13_PDUA_Curent_L2,0,54950.0,1422.0,Rack R13
205,32915,R13_PDUA_Curent_L3,0,54952.0,1422.0,Rack R13
206,32916,R13_PDUA_Voltage_L1,0,54954.0,1422.0,Rack R13
207,32917,R13_PDUA_Voltage_L2,0,54956.0,1422.0,Rack R13
208,32918,R13_PDUA_Voltage_L3,0,54958.0,1422.0,Rack R13
209,32919,R13_PDUA_Power_L1,0,54960.0,1422.0,Rack R13
210,32920,R13_PDUA_Power_L2,0,54962.0,1422.0,Rack R13
211,32921,R13_PDUA_Power_L3,0,54964.0,1422.0,Rack R13
212,32922,R13_PDUA_Power,0,54966.0,1422.0,Rack R13
213,32923,R13_PDUA_Energy,0,54968.0,1422.0,Rack R13
214,32924,R13_PDUA_LoadState_L1,0,54970.0,1422.0,Rack R13
215,32925,R13_PDUA_LoadState_L2,0,54972.0,1422.0,Rack R13
216,32926,R13_PDUA_LoadState_L3,0,54974.0,1422.0,Rack R13
217,32927,R13_PDUB_Curent_L1,0,54976.0,1422.0,Rack R13
218,32928,R13_PDUB_Curent_L2,0,54978.0,1422.0,Rack R13
219,32929,R13_PDUB_Curent_L3,0,54980.0,1422.0,Rack R13
220,32930,R13_PDUB_Voltage_L1,0,54982.0,1422.0,Rack R13
221,32931,R13_PDUB_Voltage_L2,0,54984.0,1422.0,Rack R13
222,32932,R13_PDUB_Voltage_L3,0,54986.0,1422.0,Rack R13
223,32933,R13_PDUB_Power_L1,0,54988.0,1422.0,Rack R13
224,32934,R13_PDUB_Power_L2,0,54990.0,1422.0,Rack R13
225,32935,R13_PDUB_Power_L3,0,54992.0,1422.0,Rack R13
226,32936,R13_PDUB_Power,0,54994.0,1422.0,Rack R13
227,32937,R13_PDUB_Energy,0,54996.0,1422.0,Rack R13
228,32938,R13_PDUB_LoadState_L1,0,54998.0,1422.0,Rack R13
229,32939,R13_PDUB_LoadState_L2,0,55000.0,1422.0,Rack R13
230,32940,R13_PDUB_LoadState_L3,0,55002.0,1422.0,Rack R13
231,32941,R14_PDUA_Curent_L1,0,45756.0,1430.0,Rack R14
232,32942,R14_PDUA_Curent_L2,0,45757.0,1430.0,Rack R14
233,32943,R14_PDUA_Curent_L3,0,45758.0,1430.0,Rack R14
234,32944,R14_PDUA_Voltage_L1,0,45759.0,1430.0,Rack R14
235,32945,R14_PDUA_Voltage_L2,0,45760.0,1430.0,Rack R14
236,32946,R14_PDUA_Voltage_L3,0,45761.0,1430.0,Rack R14
237,32947,R14_PDUA_Power_L1,0,45762.0,1430.0,Rack R14
238,32948,R14_PDUA_Power_L2,0,45763.0,1430.0,Rack R14
239,32949,R14_PDUA_Power_L3,0,45764.0,1430.0,Rack R14
240,32950,R14_PDUA_Power,0,45765.0,1430.0,Rack R14
241,32951,R14_PDUA_Energy,0,45766.0,1430.0,Rack R14
242,32952,R14_PDUA_LoadState_L1,0,45767.0,1430.0,Rack R14
243,32953,R14_PDUA_LoadState_L2,0,45768.0,1430.0,Rack R14
244,32954,R14_PDUA_LoadState_L3,0,45769.0,1430.0,Rack R14
245,32955,R14_PDUB_Curent_L1,0,45770.0,1430.0,Rack R14
246,32956,R14_PDUB_Curent_L2,0,45771.0,1430.0,Rack R14
247,32957,R14_PDUB_Curent_L3,0,45772.0,1430.0,Rack R14
248,32958,R14_PDUB_Voltage_L1,0,45773.0,1430.0,Rack R14
249,32959,R14_PDUB_Voltage_L2,0,45774.0,1430.0,Rack R14
250,32960,R14_PDUB_Voltage_L3,0,45775.0,1430.0,Rack R14
251,32961,R14_PDUB_Power_L1,0,45776.0,1430.0,Rack R14
252,32962,R14_PDUB_Power_L2,0,45777.0,1430.0,Rack R14
253,32963,R14_PDUB_Power_L3,0,45778.0,1430.0,Rack R14
254,32964,R14_PDUB_Power,0,45779.0,1430.0,Rack R14
255,32965,R14_PDUB_Energy,0,45780.0,1430.0,Rack R14
256,32966,R14_PDUB_LoadState_L1,0,45781.0,1430.0,Rack R14
257,32967,R14_PDUB_LoadState_L2,0,45782.0,1430.0,Rack R14
258,32968,R14_PDUB_LoadState_L3,0,45783.0,1430.0,Rack R14
259,32969,R15_PDUA_Curent_L1,0,45787.0,1423.0,Rack R15
260,32970,R15_PDUA_Curent_L2,0,45788.0,1423.0,Rack R15
261,32971,R15_PDUA_Curent_L3,0,45789.0,1423.0,Rack R15
262,32972,R15_PDUA_Voltage_L1,0,45790.0,1423.0,Rack R15
263,32973,R15_PDUA_Voltage_L2,0,45791.0,1423.0,Rack R15
264,32974,R15_PDUA_Voltage_L3,0,45792.0,1423.0,Rack R15
265,32975,R15_PDUA_Power_L1,0,45793.0,1423.0,Rack R15
266,32976,R15_PDUA_Power_L2,0,45794.0,1423.0,Rack R15
267,32977,R15_PDUA_Power_L3,0,45795.0,1423.0,Rack R15
268,32978,R15_PDUA_Power,0,45796.0,1423.0,Rack R15
269,32979,R15_PDUA_Energy,0,45797.0,1423.0,Rack R15
270,32980,R15_PDUA_LoadState_L1,0,45798.0,1423.0,Rack R15
271,32981,R15_PDUA_LoadState_L2,0,45799.0,1423.0,Rack R15
272,32982,R15_PDUA_LoadState_L3,0,45800.0,1423.0,Rack R15
273,32983,R15_PDUB_Curent_L1,0,45801.0,1423.0,Rack R15
274,32984,R15_PDUB_Curent_L2,0,45802.0,1423.0,Rack R15
275,32985,R15_PDUB_Curent_L3,0,45803.0,1423.0,Rack R15
276,32986,R15_PDUB_Voltage_L1,0,45804.0,1423.0,Rack R15
277,32987,R15_PDUB_Voltage_L2,0,45805.0,1423.0,Rack R15
278,32988,R15_PDUB_Voltage_L3,0,45806.0,1423.0,Rack R15
279,32989,R15_PDUB_Power_L1,0,45807.0,1423.0,Rack R15
280,32990,R15_PDUB_Power_L2,0,45808.0,1423.0,Rack R15
281,32991,R15_PDUB_Power_L3,0,45809.0,1423.0,Rack R15
282,32992,R15_PDUB_Power,0,45810.0,1423.0,Rack R15
283,32993,R15_PDUB_Energy,0,45811.0,1423.0,Rack R15
284,32994,R15_PDUB_LoadState_L1,0,45812.0,1423.0,Rack R15
285,32995,R15_PDUB_LoadState_L2,0,45813.0,1423.0,Rack R15
286,32996,R15_PDUB_LoadState_L3,0,45814.0,1423.0,Rack R15
287,32997,R16_PDUA_Curent_L1,0,45816.0,1431.0,Rack R16
288,32998,R16_PDUA_Curent_L2,0,45817.0,1431.0,Rack R16
289,32999,R16_PDUA_Curent_L3,0,45818.0,1431.0,Rack R16
290,33000,R16_PDUA_Voltage_L1,0,45819.0,1431.0,Rack R16
291,33001,R16_PDUA_Voltage_L2,0,45820.0,1431.0,Rack R16
292,33002,R16_PDUA_Voltage_L3,0,45821.0,1431.0,Rack R16
293,33003,R16_PDUA_Power_L1,0,45822.0,1431.0,Rack R16
294,33004,R16_PDUA_Power_L2,0,45823.0,1431.0,Rack R16
295,33005,R16_PDUA_Power_L3,0,45824.0,1431.0,Rack R16
296,33006,R16_PDUA_Power,0,45825.0,1431.0,Rack R16
297,33007,R16_PDUA_Energy,0,45826.0,1431.0,Rack R16
298,33008,R16_PDUA_LoadState_L1,0,45827.0,1431.0,Rack R16
299,33009,R16_PDUA_LoadState_L2,0,45828.0,1431.0,Rack R16
300,33010,R16_PDUA_LoadState_L3,0,45829.0,1431.0,Rack R16
301,33011,R16_PDUB_Curent_L1,0,45830.0,1431.0,Rack R16
302,33012,R16_PDUB_Curent_L2,0,45831.0,1431.0,Rack R16
303,33013,R16_PDUB_Curent_L3,0,45832.0,1431.0,Rack R16
304,33014,R16_PDUB_Voltage_L1,0,45833.0,1431.0,Rack R16
305,33015,R16_PDUB_Voltage_L2,0,45834.0,1431.0,Rack R16
306,33016,R16_PDUB_Voltage_L3,0,45835.0,1431.0,Rack R16
307,33017,R16_PDUB_Power_L1,0,45836.0,1431.0,Rack R16
308,33018,R16_PDUB_Power_L2,0,45837.0,1431.0,Rack R16
309,33019,R16_PDUB_Power_L3,0,45838.0,1431.0,Rack R16
310,33020,R16_PDUB_Power,0,45839.0,1431.0,Rack R16
311,33021,R16_PDUB_Energy,0,45840.0,1431.0,Rack R16
312,33022,R16_PDUB_LoadState_L1,0,45841.0,1431.0,Rack R16
313,33023,R16_PDUB_LoadState_L2,0,45842.0,1431.0,Rack R16
314,33024,R16_PDUB_LoadState_L3,0,45843.0,1431.0,Rack R16
315,33025,R17_PDUA_Curent_L1,0,45846.0,1424.0,Rack R17
316,33026,R17_PDUA_Curent_L2,0,45847.0,1424.0,Rack R17
317,33027,R17_PDUA_Curent_L3,0,45848.0,1424.0,Rack R17
318,33028,R17_PDUA_Voltage_L1,0,45849.0,1424.0,Rack R17
319,33029,R17_PDUA_Voltage_L2,0,45850.0,1424.0,Rack R17
320,33030,R17_PDUA_Voltage_L3,0,45851.0,1424.0,Rack R17
321,33031,R17_PDUA_Power_L1,0,45852.0,1424.0,Rack R17
322,33032,R17_PDUA_Power_L2,0,45853.0,1424.0,Rack R17
323,33033,R17_PDUA_Power_L3,0,45854.0,1424.0,Rack R17
324,33034,R17_PDUA_Power,0,45855.0,1424.0,Rack R17
325,33035,R17_PDUA_Energy,0,45856.0,1424.0,Rack R17
326,33036,R17_PDUA_LoadState_L1,0,45857.0,1424.0,Rack R17
327,33037,R17_PDUA_LoadState_L2,0,45858.0,1424.0,Rack R17
328,33038,R17_PDUA_LoadState_L3,0,45859.0,1424.0,Rack R17
329,33039,R17_PDUB_Curent_L1,0,45860.0,1424.0,Rack R17
330,33040,R17_PDUB_Curent_L2,0,45861.0,1424.0,Rack R17
331,33041,R17_PDUB_Curent_L3,0,45862.0,1424.0,Rack R17
332,33042,R17_PDUB_Voltage_L1,0,45863.0,1424.0,Rack R17
333,33043,R17_PDUB_Voltage_L2,0,45864.0,1424.0,Rack R17
334,33044,R17_PDUB_Voltage_L3,0,45865.0,1424.0,Rack R17
335,33045,R17_PDUB_Power_L1,0,45866.0,1424.0,Rack R17
336,33046,R17_PDUB_Power_L2,0,45867.0,1424.0,Rack R17
337,33047,R17_PDUB_Power_L3,0,45868.0,1424.0,Rack R17
338,33048,R17_PDUB_Power,0,45869.0,1424.0,Rack R17
339,33049,R17_PDUB_Energy,0,45870.0,1424.0,Rack R17
340,33050,R17_PDUB_LoadState_L1,0,45871.0,1424.0,Rack R17
341,33051,R17_PDUB_LoadState_L2,0,45872.0,1424.0,Rack R17
342,33052,R17_PDUB_LoadState_L3,0,45873.0,1424.0,Rack R17
343,33137,R21_PDUA_Curent_L1,0,45875.0,1425.0,Rack R21
344,33138,R21_PDUA_Curent_L2,0,45876.0,1425.0,Rack R21
345,33139,R21_PDUA_Curent_L3,0,45877.0,1425.0,Rack R21
346,33140,R21_PDUA_Voltage_L1,0,45878.0,1425.0,Rack R21
347,33141,R21_PDUA_Voltage_L2,0,45879.0,1425.0,Rack R21
348,33142,R21_PDUA_Voltage_L3,0,45880.0,1425.0,Rack R21
349,33143,R21_PDUA_Power_L1,0,45881.0,1425.0,Rack R21
350,33144,R21_PDUA_Power_L2,0,45882.0,1425.0,Rack R21
351,33145,R21_PDUA_Power_L3,0,45883.0,1425.0,Rack R21
352,33146,R21_PDUA_Power,0,45884.0,1425.0,Rack R21
353,33147,R21_PDUA_Energy,0,45885.0,1425.0,Rack R21
354,33148,R21_PDUA_LoadState_L1,0,45886.0,1425.0,Rack R21
355,33149,R21_PDUA_LoadState_L2,0,45887.0,1425.0,Rack R21
356,33150,R21_PDUA_LoadState_L3,0,45888.0,1425.0,Rack R21
357,33151,R21_PDUB_Curent_L1,0,45889.0,1425.0,Rack R21
358,33152,R21_PDUB_Curent_L2,0,45890.0,1425.0,Rack R21
359,33153,R21_PDUB_Curent_L3,0,45891.0,1425.0,Rack R21
360,33154,R21_PDUB_Voltage_L1,0,45892.0,1425.0,Rack R21
361,33155,R21_PDUB_Voltage_L2,0,45893.0,1425.0,Rack R21
362,33156,R21_PDUB_Voltage_L3,0,45894.0,1425.0,Rack R21
363,33157,R21_PDUB_Power_L1,0,45895.0,1425.0,Rack R21
364,33158,R21_PDUB_Power_L2,0,45896.0,1425.0,Rack R21
365,33159,R21_PDUB_Power_L3,0,45897.0,1425.0,Rack R21
366,33160,R21_PDUB_Power,0,45898.0,1425.0,Rack R21
367,33161,R21_PDUB_Energy,0,45899.0,1425.0,Rack R21
368,33162,R21_PDUB_LoadState_L1,0,45900.0,1425.0,Rack R21
369,33163,R21_PDUB_LoadState_L2,0,45901.0,1425.0,Rack R21
370,33164,R21_PDUB_LoadState_L3,0,45902.0,1425.0,Rack R21
371,33165,R22_PDUA_Curent_L1,0,45904.0,1432.0,Rack R22
372,33166,R22_PDUA_Curent_L2,0,45905.0,1432.0,Rack R22
373,33167,R22_PDUA_Curent_L3,0,45906.0,1432.0,Rack R22
374,33168,R22_PDUA_Voltage_L1,0,45907.0,1432.0,Rack R22
375,33169,R22_PDUA_Voltage_L2,0,45908.0,1432.0,Rack R22
376,33170,R22_PDUA_Voltage_L3,0,45909.0,1432.0,Rack R22
377,33171,R22_PDUA_Power_L1,0,45910.0,1432.0,Rack R22
378,33172,R22_PDUA_Power_L2,0,45911.0,1432.0,Rack R22
379,33173,R22_PDUA_Power_L3,0,45912.0,1432.0,Rack R22
380,33174,R22_PDUA_Power,0,45913.0,1432.0,Rack R22
381,33175,R22_PDUA_Energy,0,45914.0,1432.0,Rack R22
382,33176,R22_PDUA_LoadState_L1,0,45915.0,1432.0,Rack R22
383,33177,R22_PDUA_LoadState_L2,0,45916.0,1432.0,Rack R22
384,33178,R22_PDUA_LoadState_L3,0,45917.0,1432.0,Rack R22
385,33179,R22_PDUB_Curent_L1,0,45918.0,1432.0,Rack R22
386,33180,R22_PDUB_Curent_L2,0,45919.0,1432.0,Rack R22
387,33181,R22_PDUB_Curent_L3,0,45920.0,1432.0,Rack R22
388,33182,R22_PDUB_Voltage_L1,0,45921.0,1432.0,Rack R22
389,33183,R22_PDUB_Voltage_L2,0,45922.0,1432.0,Rack R22
390,33184,R22_PDUB_Voltage_L3,0,45923.0,1432.0,Rack R22
391,33185,R22_PDUB_Power_L1,0,45924.0,1432.0,Rack R22
392,33186,R22_PDUB_Power_L2,0,45925.0,1432.0,Rack R22
393,33187,R22_PDUB_Power_L3,0,45926.0,1432.0,Rack R22
394,33188,R22_PDUB_Power,0,45927.0,1432.0,Rack R22
395,33189,R22_PDUB_Energy,0,45928.0,1432.0,Rack R22
396,33190,R22_PDUB_LoadState_L1,0,45929.0,1432.0,Rack R22
397,33191,R22_PDUB_LoadState_L2,0,45930.0,1432.0,Rack R22
398,33192,R22_PDUB_LoadState_L3,0,45931.0,1432.0,Rack R22
399,33193,R23_PDUA_Curent_L1,0,45934.0,1426.0,Rack R23
400,33194,R23_PDUA_Curent_L2,0,45935.0,1426.0,Rack R23
401,33195,R23_PDUA_Curent_L3,0,45936.0,1426.0,Rack R23
402,33196,R23_PDUA_Voltage_L1,0,45937.0,1426.0,Rack R23
403,33197,R23_PDUA_Voltage_L2,0,45938.0,1426.0,Rack R23
404,33198,R23_PDUA_Voltage_L3,0,45939.0,1426.0,Rack R23
405,33199,R23_PDUA_Power_L1,0,45940.0,1426.0,Rack R23
406,33200,R23_PDUA_Power_L2,0,45941.0,1426.0,Rack R23
407,33201,R23_PDUA_Power_L3,0,45942.0,1426.0,Rack R23
408,33202,R23_PDUA_Power,0,45943.0,1426.0,Rack R23
409,33203,R23_PDUA_Energy,0,45944.0,1426.0,Rack R23
410,33204,R23_PDUA_LoadState_L1,0,45945.0,1426.0,Rack R23
411,33205,R23_PDUA_LoadState_L2,0,45946.0,1426.0,Rack R23
412,33206,R23_PDUA_LoadState_L3,0,45947.0,1426.0,Rack R23
413,33207,R23_PDUB_Curent_L1,0,45948.0,1426.0,Rack R23
414,33208,R23_PDUB_Curent_L2,0,45949.0,1426.0,Rack R23
415,33209,R23_PDUB_Curent_L3,0,45950.0,1426.0,Rack R23
416,33210,R23_PDUB_Voltage_L1,0,45951.0,1426.0,Rack R23
417,33211,R23_PDUB_Voltage_L2,0,45952.0,1426.0,Rack R23
418,33212,R23_PDUB_Voltage_L3,0,45953.0,1426.0,Rack R23
419,33213,R23_PDUB_Power_L1,0,45954.0,1426.0,Rack R23
420,33214,R23_PDUB_Power_L2,0,45955.0,1426.0,Rack R23
421,33215,R23_PDUB_Power_L3,0,45956.0,1426.0,Rack R23
422,33216,R23_PDUB_Power,0,45957.0,1426.0,Rack R23
423,33217,R23_PDUB_Energy,0,45958.0,1426.0,Rack R23
424,33218,R23_PDUB_LoadState_L1,0,45959.0,1426.0,Rack R23
425,33219,R23_PDUB_LoadState_L2,0,45960.0,1426.0,Rack R23
426,33220,R23_PDUB_LoadState_L3,0,45961.0,1426.0,Rack R23
427,33221,R24_PDUA_Curent_L1,0,45963.0,1433.0,Rack R24
428,33222,R24_PDUA_Curent_L2,0,45964.0,1433.0,Rack R24
429,33223,R24_PDUA_Curent_L3,0,45965.0,1433.0,Rack R24
430,33224,R24_PDUA_Voltage_L1,0,45966.0,1433.0,Rack R24
431,33225,R24_PDUA_Voltage_L2,0,45967.0,1433.0,Rack R24
432,33226,R24_PDUA_Voltage_L3,0,45968.0,1433.0,Rack R24
433,33227,R24_PDUA_Power_L1,0,45969.0,1433.0,Rack R24
434,33228,R24_PDUA_Power_L2,0,45970.0,1433.0,Rack R24
435,33229,R24_PDUA_Power_L3,0,45971.0,1433.0,Rack R24
436,33230,R24_PDUA_Power,0,45972.0,1433.0,Rack R24
437,33231,R24_PDUA_Energy,0,45973.0,1433.0,Rack R24
438,33232,R24_PDUA_LoadState_L1,0,45974.0,1433.0,Rack R24
439,33233,R24_PDUA_LoadState_L2,0,45975.0,1433.0,Rack R24
440,33234,R24_PDUA_LoadState_L3,0,45976.0,1433.0,Rack R24
441,33235,R24_PDUB_Curent_L1,0,45977.0,1433.0,Rack R24
442,33236,R24_PDUB_Curent_L2,0,45978.0,1433.0,Rack R24
443,33237,R24_PDUB_Curent_L3,0,45979.0,1433.0,Rack R24
444,33238,R24_PDUB_Voltage_L1,0,45980.0,1433.0,Rack R24
445,33239,R24_PDUB_Voltage_L2,0,45981.0,1433.0,Rack R24
446,33240,R24_PDUB_Voltage_L3,0,45982.0,1433.0,Rack R24
447,33241,R24_PDUB_Power_L1,0,45983.0,1433.0,Rack R24
448,33242,R24_PDUB_Power_L2,0,45984.0,1433.0,Rack R24
449,33243,R24_PDUB_Power_L3,0,45985.0,1433.0,Rack R24
450,33244,R24_PDUB_Power,0,45986.0,1433.0,Rack R24
451,33245,R24_PDUB_Energy,0,45987.0,1433.0,Rack R24
452,33246,R24_PDUB_LoadState_L1,0,45988.0,1433.0,Rack R24
453,33247,R24_PDUB_LoadState_L2,0,45989.0,1433.0,Rack R24
454,33248,R24_PDUB_LoadState_L3,0,45990.0,1433.0,Rack R24
455,33249,R25_PDUA_Curent_L1,0,45994.0,1427.0,Rack R25
456,33250,R25_PDUA_Curent_L2,0,45995.0,1427.0,Rack R25
457,33251,R25_PDUA_Curent_L3,0,45996.0,1427.0,Rack R25
458,33252,R25_PDUA_Voltage_L1,0,45997.0,1427.0,Rack R25
459,33253,R25_PDUA_Voltage_L2,0,45998.0,1427.0,Rack R25
460,33254,R25_PDUA_Voltage_L3,0,45999.0,1427.0,Rack R25
461,33255,R25_PDUA_Power_L1,0,46000.0,1427.0,Rack R25
462,33256,R25_PDUA_Power_L2,0,46001.0,1427.0,Rack R25
463,33257,R25_PDUA_Power_L3,0,46002.0,1427.0,Rack R25
464,33258,R25_PDUA_Power,0,46003.0,1427.0,Rack R25
465,33259,R25_PDUA_Energy,0,46004.0,1427.0,Rack R25
466,33260,R25_PDUA_LoadState_L1,0,46005.0,1427.0,Rack R25
467,33261,R25_PDUA_LoadState_L2,0,46006.0,1427.0,Rack R25
468,33262,R25_PDUA_LoadState_L3,0,46007.0,1427.0,Rack R25
469,33263,R25_PDUB_Curent_L1,0,46008.0,1427.0,Rack R25
470,33264,R25_PDUB_Curent_L2,0,46009.0,1427.0,Rack R25
471,33265,R25_PDUB_Curent_L3,0,46010.0,1427.0,Rack R25
472,33266,R25_PDUB_Voltage_L1,0,46011.0,1427.0,Rack R25
473,33267,R25_PDUB_Voltage_L2,0,46012.0,1427.0,Rack R25
474,33268,R25_PDUB_Voltage_L3,0,46013.0,1427.0,Rack R25
475,33269,R25_PDUB_Power_L1,0,46014.0,1427.0,Rack R25
476,33270,R25_PDUB_Power_L2,0,46015.0,1427.0,Rack R25
477,33271,R25_PDUB_Power_L3,0,46016.0,1427.0,Rack R25
478,33272,R25_PDUB_Power,0,46017.0,1427.0,Rack R25
479,33273,R25_PDUB_Energy,0,46018.0,1427.0,Rack R25
480,33274,R25_PDUB_LoadState_L1,0,46019.0,1427.0,Rack R25
481,33275,R25_PDUB_LoadState_L2,0,46020.0,1427.0,Rack R25
482,33276,R25_PDUB_LoadState_L3,0,46021.0,1427.0,Rack R25
483,33277,R26_PDUA_Curent_L1,0,46023.0,1434.0,Rack R26
484,33278,R26_PDUA_Curent_L2,0,46024.0,1434.0,Rack R26
485,33279,R26_PDUA_Curent_L3,0,46025.0,1434.0,Rack R26
486,33280,R26_PDUA_Voltage_L1,0,46026.0,1434.0,Rack R26
487,33281,R26_PDUA_Voltage_L2,0,46027.0,1434.0,Rack R26
488,33282,R26_PDUA_Voltage_L3,0,46028.0,1434.0,Rack R26
489,33283,R26_PDUA_Power_L1,0,46029.0,1434.0,Rack R26
490,33284,R26_PDUA_Power_L2,0,46030.0,1434.0,Rack R26
491,33285,R26_PDUA_Power_L3,0,46031.0,1434.0,Rack R26
492,33286,R26_PDUA_Power,0,46032.0,1434.0,Rack R26
493,33287,R26_PDUA_Energy,0,46033.0,1434.0,Rack R26
494,33288,R26_PDUA_LoadState_L1,0,46034.0,1434.0,Rack R26
495,33289,R26_PDUA_LoadState_L2,0,46035.0,1434.0,Rack R26
496,33290,R26_PDUA_LoadState_L3,0,46036.0,1434.0,Rack R26
497,33291,R26_PDUB_Curent_L1,0,46037.0,1434.0,Rack R26
498,33292,R26_PDUB_Curent_L2,0,46038.0,1434.0,Rack R26
499,33293,R26_PDUB_Curent_L3,0,46039.0,1434.0,Rack R26
500,33294,R26_PDUB_Voltage_L1,0,46040.0,1434.0,Rack R26
501,33295,R26_PDUB_Voltage_L2,0,46041.0,1434.0,Rack R26
502,33296,R26_PDUB_Voltage_L3,0,46042.0,1434.0,Rack R26
503,33297,R26_PDUB_Power_L1,0,46043.0,1434.0,Rack R26
504,33298,R26_PDUB_Power_L2,0,46044.0,1434.0,Rack R26
505,33299,R26_PDUB_Power_L3,0,46045.0,1434.0,Rack R26
506,33300,R26_PDUB_Power,0,46046.0,1434.0,Rack R26
507,33301,R26_PDUB_Energy,0,46047.0,1434.0,Rack R26
508,33302,R26_PDUB_LoadState_L1,0,46048.0,1434.0,Rack R26
509,33303,R26_PDUB_LoadState_L2,0,46049.0,1434.0,Rack R26
510,33304,R26_PDUB_LoadState_L3,0,46050.0,1434.0,Rack R26
511,33305,R27_PDUA_Curent_L1,0,46053.0,1428.0,Rack R27
512,33306,R27_PDUA_Curent_L2,0,46054.0,1428.0,Rack R27
513,33307,R27_PDUA_Curent_L3,0,46055.0,1428.0,Rack R27
514,33308,R27_PDUA_Voltage_L1,0,46056.0,1428.0,Rack R27
515,33309,R27_PDUA_Voltage_L2,0,46057.0,1428.0,Rack R27
516,33310,R27_PDUA_Voltage_L3,0,46058.0,1428.0,Rack R27
517,33311,R27_PDUA_Power_L1,0,46059.0,1428.0,Rack R27
518,33312,R27_PDUA_Power_L2,0,46060.0,1428.0,Rack R27
519,33313,R27_PDUA_Power_L3,0,46061.0,1428.0,Rack R27
520,33314,R27_PDUA_Power,0,46062.0,1428.0,Rack R27
521,33315,R27_PDUA_Energy,0,46063.0,1428.0,Rack R27
522,33316,R27_PDUA_LoadState_L1,0,46064.0,1428.0,Rack R27
523,33317,R27_PDUA_LoadState_L2,0,46065.0,1428.0,Rack R27
524,33318,R27_PDUA_LoadState_L3,0,46066.0,1428.0,Rack R27
525,33319,R27_PDUB_Curent_L1,0,46067.0,1428.0,Rack R27
526,33320,R27_PDUB_Curent_L2,0,46068.0,1428.0,Rack R27
527,33321,R27_PDUB_Curent_L3,0,46069.0,1428.0,Rack R27
528,33322,R27_PDUB_Voltage_L1,0,46070.0,1428.0,Rack R27
529,33323,R27_PDUB_Voltage_L2,0,46071.0,1428.0,Rack R27
530,33324,R27_PDUB_Voltage_L3,0,46072.0,1428.0,Rack R27
531,33325,R27_PDUB_Power_L1,0,46073.0,1428.0,Rack R27
532,33326,R27_PDUB_Power_L2,0,46074.0,1428.0,Rack R27
533,33327,R27_PDUB_Power_L3,0,46075.0,1428.0,Rack R27
534,33328,R27_PDUB_Power,0,46076.0,1428.0,Rack R27
535,33329,R27_PDUB_Energy,0,46077.0,1428.0,Rack R27
536,33330,R27_PDUB_LoadState_L1,0,46078.0,1428.0,Rack R27
537,33331,R27_PDUB_LoadState_L2,0,46079.0,1428.0,Rack R27
538,33332,R27_PDUB_LoadState_L3,0,46080.0,1428.0,Rack R27
539,33333,R11_Climate_Tfront,0,54882.0,1414.0,Rack R11
540,33334,R13_Climate_Tfront,0,55004.0,1422.0,Rack R13
541,33335,R15_Climate_Tfront,0,45815.0,1423.0,Rack R15
542,33336,R17_Climate_Tfront,0,45874.0,1424.0,Rack R17
543,33337,R21_Climate_Tfront,0,45903.0,1425.0,Rack R21
544,33338,R23_Climate_Tfront,0,45962.0,1426.0,Rack R23
545,33339,R25_Climate_Tfront,0,46022.0,1427.0,Rack R25
546,33340,R27_Climate_Tfront,0,46081.0,1428.0,Rack R27
547,33341,R12_Climate_Tfront,0,54942.0,1429.0,Rack R12
548,33342,R12_Climate_Trear,0,54944.0,1429.0,Rack R12
549,33343,R16_Climate_Tfront,0,45844.0,1431.0,Rack R16
550,33344,R16_Climate_Trear,0,45845.0,1431.0,Rack R16
551,33345,R22_Climate_Tfront,0,45932.0,1432.0,Rack R22
552,33346,R22_Climate_Trear,0,45933.0,1432.0,Rack R22
553,33347,R26_Climate_Tfront,0,46051.0,1434.0,Rack R26
554,33348,R26_Climate_Trear,0,46052.0,1434.0,Rack R26
555,33349,R14_Climate_Tfront,0,45784.0,1430.0,Rack R14
556,33350,R14_Climate_Hfront,0,45785.0,1430.0,Rack R14
557,33351,R14_Climate_Trear,0,45786.0,1430.0,Rack R14
558,33352,R24_Climate_Tfront,0,45991.0,1433.0,Rack R24
559,33353,R24_Climate_Hfront,0,45992.0,1433.0,Rack R24
560,33354,R24_Climate_Trear,0,45993.0,1433.0,Rack R24
561,33391,CS1_SystemStatus,0,56060.0,1417.0,Cold Contour CS1
562,33392,CS1_Pump_Performance,0,56062.0,1417.0,Cold Contour CS1
563,33393,CS1_Pump_RunHours,0,56064.0,1417.0,Cold Contour CS1
564,33394,CS1_Pump_Starts,0,56066.0,1417.0,Cold Contour CS1
565,33395,CS1_Pump_dP,0,56068.0,1417.0,Cold Contour CS1
566,33396,CS1_Pump_Status,0,56070.0,1417.0,Cold Contour CS1
567,33397,CS1_DCFan_Performance,0,56072.0,1417.0,Cold Contour CS1
568,33398,CS1_DCFan_RunHours,0,56074.0,1417.0,Cold Contour CS1
569,33399,CS1_DCFan_Starts,0,56076.0,1417.0,Cold Contour CS1
570,33400,CS1_DCFan_Status,0,56078.0,1417.0,Cold Contour CS1
571,33401,CS1_Compressor_Performance,0,55766.0,1417.0,Cold Contour CS1
572,33402,CS1_Compressor_RunHours,0,55768.0,1417.0,Cold Contour CS1
573,33403,CS1_Compressor_Starts,0,55770.0,1417.0,Cold Contour CS1
574,33404,CS1_Compressor_Status,0,55772.0,1417.0,Cold Contour CS1
575,33405,CS1_Solenoid_State,0,55774.0,1417.0,Cold Contour CS1
576,33406,CS1_Solenoid_Status,0,55776.0,1417.0,Cold Contour CS1
577,33407,CS1_Valve_Y1_State,0,56080.0,1417.0,Cold Contour CS1
578,33408,CS1_Valve_Y1_Status,0,56082.0,1417.0,Cold Contour CS1
579,33409,CS1_Valve_Y2_State,0,56084.0,1417.0,Cold Contour CS1
580,33410,CS1_Valve_Y2_Status,0,56086.0,1417.0,Cold Contour CS1
581,33411,CS1_Fan_RunHours,0,56346.0,1417.0,Cold Contour CS1
582,33412,CS1_Fan_Starts,0,56348.0,1417.0,Cold Contour CS1
583,33413,CS1_Fan_Status,0,56350.0,1417.0,Cold Contour CS1
584,33414,CS1_DC_TT1_State,0,56088.0,1417.0,Cold Contour CS1
585,33415,CS1_DC_TT1_Status,0,56090.0,1417.0,Cold Contour CS1
586,33416,CS1_DC_TT2_State,0,56092.0,1417.0,Cold Contour CS1
587,33417,CS1_DC_TT2_Status,0,56094.0,1417.0,Cold Contour CS1
588,33418,CS1_TT1_State,0,56352.0,1417.0,Cold Contour CS1
589,33419,CS1_TT1_Status,0,56354.0,1417.0,Cold Contour CS1
590,33420,CS1_TT2_State,0,55788.0,1417.0,Cold Contour CS1
591,33421,CS1_TT2_Status,0,55790.0,1417.0,Cold Contour CS1
592,33422,CS1_TT3_State,0,56356.0,1417.0,Cold Contour CS1
593,33423,CS1_TT3_Status,0,56358.0,1417.0,Cold Contour CS1
594,33424,CS1_TT4_State,0,56360.0,1417.0,Cold Contour CS1
595,33425,CS1_TT4_Status,0,56362.0,1417.0,Cold Contour CS1
596,33426,CS1_DC_PT1_State,0,56096.0,1417.0,Cold Contour CS1
597,33427,CS1_DC_PT1_Status,0,56098.0,1417.0,Cold Contour CS1
598,33428,CS1_DC_PT2_State,0,56100.0,1417.0,Cold Contour CS1
599,33429,CS1_DC_PT2_Status,0,56102.0,1417.0,Cold Contour CS1
600,33430,CS1_PT1_State,0,55800.0,1417.0,Cold Contour CS1
601,33431,CS1_PT1_Status,0,55802.0,1417.0,Cold Contour CS1
602,33432,CS1_PT2_State,0,55804.0,1417.0,Cold Contour CS1
603,33433,CS1_PT2_Status,0,55806.0,1417.0,Cold Contour CS1
604,33434,CS1_PT3_State,0,56104.0,1417.0,Cold Contour CS1
605,33435,CS1_PT3_Status,0,56106.0,1417.0,Cold Contour CS1
606,33436,CS1_PT4_State,0,56108.0,1417.0,Cold Contour CS1
607,33437,CS1_PT4_Status,0,56110.0,1417.0,Cold Contour CS1
608,33438,CS1_PDS1,0,56112.0,1417.0,Cold Contour CS1
609,33439,CS1_PDS2,0,56364.0,1417.0,Cold Contour CS1
610,33440,CS1_dP,0,55810.0,1417.0,Cold Contour CS1
611,33441,CS1_Pfreon,0,55812.0,1417.0,Cold Contour CS1
612,33442,CS1_SP_Tair,0,56114.0,1417.0,Cold Contour CS1
613,33443,CS2_SystemStatus,0,56202.0,1438.0,Cold Contour CS2
614,33444,CS2_Pump_Performance,0,56204.0,1438.0,Cold Contour CS2
615,33445,CS2_Pump_RunHours,0,56206.0,1438.0,Cold Contour CS2
616,33446,CS2_Pump_Starts,0,56208.0,1438.0,Cold Contour CS2
617,33447,CS2_Pump_dP,0,56210.0,1438.0,Cold Contour CS2
618,33448,CS2_Pump_Status,0,56212.0,1438.0,Cold Contour CS2
619,33449,CS2_DCFan_Performance,0,56214.0,1438.0,Cold Contour CS2
620,33450,CS2_DCFan_RunHours,0,56216.0,1438.0,Cold Contour CS2
621,33451,CS2_DCFan_Starts,0,56218.0,1438.0,Cold Contour CS2
622,33452,CS2_DCFan_Status,0,56220.0,1438.0,Cold Contour CS2
623,33453,CS2_Compressor_Performance,0,55814.0,1438.0,Cold Contour CS2
624,33454,CS2_Compressor_RunHours,0,55816.0,1438.0,Cold Contour CS2
625,33455,CS2_Compressor_Starts,0,55818.0,1438.0,Cold Contour CS2
626,33456,CS2_Compressor_Status,0,55820.0,1438.0,Cold Contour CS2
627,33457,CS2_Solenoid_State,0,55822.0,1438.0,Cold Contour CS2
628,33458,CS2_Solenoid_Status,0,55824.0,1438.0,Cold Contour CS2
629,33459,CS2_Valve_Y1_State,0,56222.0,1438.0,Cold Contour CS2
630,33460,CS2_Valve_Y1_Status,0,56224.0,1438.0,Cold Contour CS2
631,33461,CS2_Valve_Y2_State,0,56226.0,1438.0,Cold Contour CS2
632,33462,CS2_Valve_Y2_Status,0,56228.0,1438.0,Cold Contour CS2
633,33463,CS2_Fan_RunHours,0,56291.0,1438.0,Cold Contour CS2
634,33464,CS2_Fan_Starts,0,56293.0,1438.0,Cold Contour CS2
635,33465,CS2_Fan_Status,0,56295.0,1438.0,Cold Contour CS2
636,33466,CS2_DC_TT1_State,0,56230.0,1438.0,Cold Contour CS2
637,33467,CS2_DC_TT1_Status,0,56232.0,1438.0,Cold Contour CS2
638,33468,CS2_DC_TT2_State,0,56234.0,1438.0,Cold Contour CS2
639,33469,CS2_DC_TT2_Status,0,56236.0,1438.0,Cold Contour CS2
640,33470,CS2_TT1_State,0,56297.0,1438.0,Cold Contour CS2
641,33471,CS2_TT1_Status,0,56299.0,1438.0,Cold Contour CS2
642,33472,CS2_TT2_State,0,55836.0,1438.0,Cold Contour CS2
643,33473,CS2_TT2_Status,0,55838.0,1438.0,Cold Contour CS2
644,33474,CS2_TT3_State,0,56301.0,1438.0,Cold Contour CS2
645,33475,CS2_TT3_Status,0,56303.0,1438.0,Cold Contour CS2
646,33476,CS2_TT4_State,0,56305.0,1438.0,Cold Contour CS2
647,33477,CS2_TT4_Status,0,56307.0,1438.0,Cold Contour CS2
648,33478,CS2_DC_PT1_State,0,56238.0,1438.0,Cold Contour CS2
649,33479,CS2_DC_PT1_Status,0,56240.0,1438.0,Cold Contour CS2
650,33480,CS2_DC_PT2_State,0,56242.0,1438.0,Cold Contour CS2
651,33481,CS2_DC_PT2_Status,0,56244.0,1438.0,Cold Contour CS2
652,33482,CS2_PT1_State,0,55846.0,1438.0,Cold Contour CS2
653,33483,CS2_PT1_Status,0,55848.0,1438.0,Cold Contour CS2
654,33484,CS2_PT2_State,0,55850.0,1438.0,Cold Contour CS2
655,33485,CS2_PT2_Status,0,55852.0,1438.0,Cold Contour CS2
656,33486,CS2_PT3_State,0,56246.0,1438.0,Cold Contour CS2
657,33487,CS2_PT3_Status,0,56248.0,1438.0,Cold Contour CS2
658,33488,CS2_PT4_State,0,56250.0,1438.0,Cold Contour CS2
659,33489,CS2_PT4_Status,0,56252.0,1438.0,Cold Contour CS2
660,33490,CS2_PDS1,0,56254.0,1438.0,Cold Contour CS2
661,33491,CS2_PDS2,0,56309.0,1438.0,Cold Contour CS2
662,33492,CS2_dP,0,55856.0,1438.0,Cold Contour CS2
663,33493,CS2_Pfreon,0,55858.0,1438.0,Cold Contour CS2
664,33494,CS2_SP_Tair,0,55860.0,1438.0,Cold Contour CS2
665,33495,CS3_SystemStatus,0,56452.0,1439.0,Cold Contour CS3
666,33496,CS3_Pump_Performance,0,56454.0,1439.0,Cold Contour CS3
667,33497,CS3_Pump_RunHours,0,56456.0,1439.0,Cold Contour CS3
668,33498,CS3_Pump_Starts,0,56458.0,1439.0,Cold Contour CS3
669,33499,CS3_Pump_dP,0,56460.0,1439.0,Cold Contour CS3
670,33500,CS3_Pump_Status,0,56462.0,1439.0,Cold Contour CS3
671,33501,CS3_DCFan_Performance,0,56464.0,1439.0,Cold Contour CS3
672,33502,CS3_DCFan_RunHours,0,56466.0,1439.0,Cold Contour CS3
673,33503,CS3_DCFan_Starts,0,56468.0,1439.0,Cold Contour CS3
674,33504,CS3_DCFan_Status,0,56470.0,1439.0,Cold Contour CS3
675,33505,CS3_Compressor_Performance,0,55868.0,1439.0,Cold Contour CS3
676,33506,CS3_Compressor_RunHours,0,55870.0,1439.0,Cold Contour CS3
677,33507,CS3_Compressor_Starts,0,55872.0,1439.0,Cold Contour CS3
678,33508,CS3_Compressor_Status,0,55874.0,1439.0,Cold Contour CS3
679,33509,CS3_Solenoid_State,0,55876.0,1439.0,Cold Contour CS3
680,33510,CS3_Solenoid_Status,0,55878.0,1439.0,Cold Contour CS3
681,33511,CS3_Valve_Y1_State,0,56472.0,1439.0,Cold Contour CS3
682,33512,CS3_Valve_Y1_Status,0,56474.0,1439.0,Cold Contour CS3
683,33513,CS3_Valve_Y2_State,0,56476.0,1439.0,Cold Contour CS3
684,33514,CS3_Valve_Y2_Status,0,56478.0,1439.0,Cold Contour CS3
685,33515,CS3_Fan_RunHours,0,56541.0,1439.0,Cold Contour CS3
686,33516,CS3_Fan_Starts,0,56543.0,1439.0,Cold Contour CS3
687,33517,CS3_Fan_Status,0,56545.0,1439.0,Cold Contour CS3
688,33518,CS3_DC_TT1_State,0,56480.0,1439.0,Cold Contour CS3
689,33519,CS3_DC_TT1_Status,0,56482.0,1439.0,Cold Contour CS3
690,33520,CS3_DC_TT2_State,0,56484.0,1439.0,Cold Contour CS3
691,33521,CS3_DC_TT2_Status,0,56486.0,1439.0,Cold Contour CS3
692,33522,CS3_TT1_State,0,56547.0,1439.0,Cold Contour CS3
693,33523,CS3_TT1_Status,0,56549.0,1439.0,Cold Contour CS3
694,33524,CS3_TT2_State,0,55890.0,1439.0,Cold Contour CS3
695,33525,CS3_TT2_Status,0,55892.0,1439.0,Cold Contour CS3
696,33526,CS3_TT3_State,0,56551.0,1439.0,Cold Contour CS3
697,33527,CS3_TT3_Status,0,56553.0,1439.0,Cold Contour CS3
698,33528,CS3_TT4_State,0,56555.0,1439.0,Cold Contour CS3
699,33529,CS3_TT4_Status,0,56557.0,1439.0,Cold Contour CS3
700,33530,CS3_DC_PT1_State,0,56488.0,1439.0,Cold Contour CS3
701,33531,CS3_DC_PT1_Status,0,56490.0,1439.0,Cold Contour CS3
702,33532,CS3_DC_PT2_State,0,56492.0,1439.0,Cold Contour CS3
703,33533,CS3_DC_PT2_Status,0,56494.0,1439.0,Cold Contour CS3
704,33534,CS3_PT1_State,0,55902.0,1439.0,Cold Contour CS3
705,33535,CS3_PT1_Status,0,55904.0,1439.0,Cold Contour CS3
706,33536,CS3_PT2_State,0,55906.0,1439.0,Cold Contour CS3
707,33537,CS3_PT2_Status,0,55908.0,1439.0,Cold Contour CS3
708,33538,CS3_PT3_State,0,56496.0,1439.0,Cold Contour CS3
709,33539,CS3_PT3_Status,0,56498.0,1439.0,Cold Contour CS3
710,33540,CS3_PT4_State,0,56500.0,1439.0,Cold Contour CS3
711,33541,CS3_PT4_Status,0,56502.0,1439.0,Cold Contour CS3
712,33542,CS3_PDS1,0,56504.0,1439.0,Cold Contour CS3
713,33543,CS3_PDS2,0,56559.0,1439.0,Cold Contour CS3
714,33544,CS3_dP,0,55912.0,1439.0,Cold Contour CS3
715,33545,CS3_Pfreon,0,55914.0,1439.0,Cold Contour CS3
716,33546,CS3_SP_Tair,0,55916.0,1439.0,Cold Contour CS3
717,33547,CS4_SystemStatus,0,56647.0,1440.0,Cold Contour CS4
718,33548,CS4_Pump_Performance,0,56649.0,1440.0,Cold Contour CS4
719,33549,CS4_Pump_RunHours,0,56651.0,1440.0,Cold Contour CS4
720,33550,CS4_Pump_Starts,0,56653.0,1440.0,Cold Contour CS4
721,33551,CS4_Pump_dP,0,56655.0,1440.0,Cold Contour CS4
722,33552,CS4_Pump_Status,0,56657.0,1440.0,Cold Contour CS4
723,33553,CS4_DCFan_Performance,0,56659.0,1440.0,Cold Contour CS4
724,33554,CS4_DCFan_RunHours,0,56661.0,1440.0,Cold Contour CS4
725,33555,CS4_DCFan_Starts,0,56663.0,1440.0,Cold Contour CS4
726,33556,CS4_DCFan_Status,0,56665.0,1440.0,Cold Contour CS4
727,33557,CS4_Compressor_Performance,0,55918.0,1440.0,Cold Contour CS4
728,33558,CS4_Compressor_RunHours,0,55920.0,1440.0,Cold Contour CS4
729,33559,CS4_Compressor_Starts,0,55922.0,1440.0,Cold Contour CS4
730,33560,CS4_Compressor_Status,0,55924.0,1440.0,Cold Contour CS4
731,33561,CS4_Solenoid_State,0,55926.0,1440.0,Cold Contour CS4
732,33562,CS4_Solenoid_Status,0,55928.0,1440.0,Cold Contour CS4
733,33563,CS4_Valve_Y1_State,0,56667.0,1440.0,Cold Contour CS4
734,33564,CS4_Valve_Y1_Status,0,56669.0,1440.0,Cold Contour CS4
735,33565,CS4_Valve_Y2_State,0,56671.0,1440.0,Cold Contour CS4
736,33566,CS4_Valve_Y2_Status,0,56673.0,1440.0,Cold Contour CS4
737,33567,CS4_Fan_RunHours,0,56736.0,1440.0,Cold Contour CS4
738,33568,CS4_Fan_Starts,0,56738.0,1440.0,Cold Contour CS4
739,33569,CS4_Fan_Status,0,56740.0,1440.0,Cold Contour CS4
740,33570,CS4_DC_TT1_State,0,56675.0,1440.0,Cold Contour CS4
741,33571,CS4_DC_TT1_Status,0,56677.0,1440.0,Cold Contour CS4
742,33572,CS4_DC_TT2_State,0,56679.0,1440.0,Cold Contour CS4
743,33573,CS4_DC_TT2_Status,0,56681.0,1440.0,Cold Contour CS4
744,33574,CS4_TT1_State,0,56742.0,1440.0,Cold Contour CS4
745,33575,CS4_TT1_Status,0,56744.0,1440.0,Cold Contour CS4
746,33576,CS4_TT2_State,0,55940.0,1440.0,Cold Contour CS4
747,33577,CS4_TT2_Status,0,55942.0,1440.0,Cold Contour CS4
748,33578,CS4_TT3_State,0,56746.0,1440.0,Cold Contour CS4
749,33579,CS4_TT3_Status,0,56748.0,1440.0,Cold Contour CS4
750,33580,CS4_TT4_State,0,56750.0,1440.0,Cold Contour CS4
751,33581,CS4_TT4_Status,0,56752.0,1440.0,Cold Contour CS4
752,33582,CS4_DC_PT1_State,0,56683.0,1440.0,Cold Contour CS4
753,33583,CS4_DC_PT1_Status,0,56685.0,1440.0,Cold Contour CS4
754,33584,CS4_DC_PT2_State,0,56687.0,1440.0,Cold Contour CS4
755,33585,CS4_DC_PT2_Status,0,56689.0,1440.0,Cold Contour CS4
756,33586,CS4_PT1_State,0,55946.0,1440.0,Cold Contour CS4
757,33587,CS4_PT1_Status,0,55948.0,1440.0,Cold Contour CS4
758,33588,CS4_PT2_State,0,55950.0,1440.0,Cold Contour CS4
759,33589,CS4_PT2_Status,0,55952.0,1440.0,Cold Contour CS4
760,33590,CS4_PT3_State,0,56691.0,1440.0,Cold Contour CS4
761,33591,CS4_PT3_Status,0,56693.0,1440.0,Cold Contour CS4
762,33592,CS4_PT4_State,0,56695.0,1440.0,Cold Contour CS4
763,33593,CS4_PT4_Status,0,56697.0,1440.0,Cold Contour CS4
764,33594,CS4_PDS1,0,56699.0,1440.0,Cold Contour CS4
765,33595,CS4_PDS2,0,56754.0,1440.0,Cold Contour CS4
766,33596,CS4_dP,0,55956.0,1440.0,Cold Contour CS4
767,33597,CS4_Pfreon,0,55958.0,1440.0,Cold Contour CS4
768,33598,CS4_SP_Tair,0,55960.0,1440.0,Cold Contour CS4
769,33599,Cond1_Unit_Mode,0,54228.0,1418.0,Conditioner 1
770,33600,Cond1_General_Error,0,54230.0,1418.0,Conditioner 1
771,33601,Cond1_Compressor_Running,0,54232.0,1418.0,Conditioner 1
772,33602,Cond1_Compressor_Percent,0,54234.0,1418.0,Conditioner 1
773,33603,Cond1_Fan_Running,0,54236.0,1418.0,Conditioner 1
774,33604,Cond1_Fan_Speed,0,54238.0,1418.0,Conditioner 1
775,33605,Cond1_Pgas_Suct,0,54240.0,1418.0,Conditioner 1
776,33606,Cond1_Pgas_Evap,0,54242.0,1418.0,Conditioner 1
777,33607,Cond1_Pgas_Cond,0,54244.0,1418.0,Conditioner 1
778,33608,Cond1_SP_Tair,0,54246.0,1418.0,Conditioner 1
779,33609,Cond1_SP_Hair,0,54248.0,1418.0,Conditioner 1
780,33610,Cond1_SP_EVV_Superheat,0,54250.0,1418.0,Conditioner 1
781,33611,Cond1_Tair_In,0,54252.0,1418.0,Conditioner 1
782,33612,Cond1_Tair_Outdoor,0,54254.0,1418.0,Conditioner 1
783,33613,Cond1_Twatter_In,0,54256.0,1418.0,Conditioner 1
784,33614,Cond1_Tgas_Suct,0,54258.0,1418.0,Conditioner 1
785,33615,Cond1_Hair_In,0,54260.0,1418.0,Conditioner 1
786,33616,Cond1_Humid_Percent,0,54262.0,1418.0,Conditioner 1
787,33617,Cond1_Humid_Running,0,54264.0,1418.0,Conditioner 1
788,33618,Cond1_Reset_Alarms,0,54266.0,1418.0,Conditioner 1
789,33619,Cond1_Louvers,0,54268.0,1418.0,Conditioner 1
790,33620,Cond1_EVV_Valve_Position,0,54270.0,1418.0,Conditioner 1
791,33621,Cond1_G_Valve_Position,0,54272.0,1418.0,Conditioner 1
792,33622,Cond1_GE_Valve_Position,0,54274.0,1418.0,Conditioner 1
793,33623,Cond1_EVV_Superheat,0,54276.0,1418.0,Conditioner 1
794,33624,Cond1_Freecooling,0,54278.0,1418.0,Conditioner 1
795,33625,Cond1_Leak,0,54280.0,1418.0,Conditioner 1
796,33626,Cond2_Unit_Mode,0,54282.0,1441.0,Conditioner 2
797,33627,Cond2_General_Error,0,54284.0,1441.0,Conditioner 2
798,33628,Cond2_Compressor_Running,0,54286.0,1441.0,Conditioner 2
799,33629,Cond2_Compressor_Percent,0,54288.0,1441.0,Conditioner 2
800,33630,Cond2_Fan_Running,0,54290.0,1441.0,Conditioner 2
801,33631,Cond2_Fan_Speed,0,54292.0,1441.0,Conditioner 2
802,33632,Cond2_Pgas_Suct,0,54294.0,1441.0,Conditioner 2
803,33633,Cond2_Pgas_Evap,0,54296.0,1441.0,Conditioner 2
804,33634,Cond2_Pgas_Cond,0,54298.0,1441.0,Conditioner 2
805,33635,Cond2_SP_Tair,0,54300.0,1441.0,Conditioner 2
806,33636,Cond2_SP_Hair,0,54302.0,1441.0,Conditioner 2
807,33637,Cond2_SP_EVV_Superheat,0,54304.0,1441.0,Conditioner 2
808,33638,Cond2_Tair_In,0,54306.0,1441.0,Conditioner 2
809,33639,Cond2_Tair_Outdoor,0,54308.0,1441.0,Conditioner 2
810,33640,Cond2_Twatter_In,0,54310.0,1441.0,Conditioner 2
811,33641,Cond2_Tgas_Suct,0,54312.0,1441.0,Conditioner 2
812,33642,Cond2_Hair_In,0,54314.0,1441.0,Conditioner 2
813,33643,Cond2_Humid_Percent,0,54316.0,1441.0,Conditioner 2
814,33644,Cond2_Humid_Running,0,54318.0,1441.0,Conditioner 2
815,33645,Cond2_Reset_Alarms,0,54320.0,1441.0,Conditioner 2
816,33646,Cond2_Louvers,0,54322.0,1441.0,Conditioner 2
817,33647,Cond2_EVV_Valve_Position,0,54324.0,1441.0,Conditioner 2
818,33648,Cond2_G_Valve_Position,0,54326.0,1441.0,Conditioner 2
819,33649,Cond2_GE_Valve_Position,0,54328.0,1441.0,Conditioner 2
820,33650,Cond2_EVV_Superheat,0,54330.0,1441.0,Conditioner 2
821,33651,Cond2_Freecooling,0,54332.0,1441.0,Conditioner 2
822,33652,Cond3_Unit_Mode,0,54334.0,1442.0,Conditioner 3
823,33653,Cond3_General_Error,0,54336.0,1442.0,Conditioner 3
824,33654,Cond3_Compressor_Running,0,54338.0,1442.0,Conditioner 3
825,33655,Cond3_Compressor_Percent,0,54340.0,1442.0,Conditioner 3
826,33656,Cond3_Fan_Running,0,54342.0,1442.0,Conditioner 3
827,33657,Cond3_Fan_Speed,0,54344.0,1442.0,Conditioner 3
828,33658,Cond3_Pgas_Suct,0,54346.0,1442.0,Conditioner 3
829,33659,Cond3_Pgas_Evap,0,54348.0,1442.0,Conditioner 3
830,33660,Cond3_Pgas_Cond,0,54350.0,1442.0,Conditioner 3
831,33661,Cond3_SP_Tair,0,54352.0,1442.0,Conditioner 3
832,33662,Cond3_SP_Hair,0,54354.0,1442.0,Conditioner 3
833,33663,Cond3_SP_EVV_Superheat,0,54356.0,1442.0,Conditioner 3
834,33664,Cond3_Tair_In,0,54358.0,1442.0,Conditioner 3
835,33665,Cond3_Tair_Outdoor,0,54360.0,1442.0,Conditioner 3
836,33666,Cond3_Twatter_In,0,54362.0,1442.0,Conditioner 3
837,33667,Cond3_Tgas_Suct,0,54364.0,1442.0,Conditioner 3
838,33668,Cond3_Hair_In,0,54366.0,1442.0,Conditioner 3
839,33669,Cond3_Humid_Percent,0,54368.0,1442.0,Conditioner 3
840,33670,Cond3_Humid_Running,0,54370.0,1442.0,Conditioner 3
841,33671,Cond3_Reset_Alarms,0,54372.0,1442.0,Conditioner 3
842,33672,Cond3_Louvers,0,54374.0,1442.0,Conditioner 3
843,33673,Cond3_EVV_Valve_Position,0,54376.0,1442.0,Conditioner 3
844,33674,Cond3_G_Valve_Position,0,54378.0,1442.0,Conditioner 3
845,33675,Cond3_GE_Valve_Position,0,54380.0,1442.0,Conditioner 3
846,33676,Cond3_EVV_Superheat,0,54382.0,1442.0,Conditioner 3
847,33677,Cond3_Freecooling,0,54384.0,1442.0,Conditioner 3
848,33678,Cond3_Leak,0,54386.0,1442.0,Conditioner 3
849,33679,Cond4_Unit_Mode,0,54388.0,1443.0,Conditioner 4
850,33680,Cond4_General_Error,0,54390.0,1443.0,Conditioner 4
851,33681,Cond4_Compressor_Running,0,54392.0,1443.0,Conditioner 4
852,33682,Cond4_Compressor_Percent,0,54394.0,1443.0,Conditioner 4
853,33683,Cond4_Fan_Running,0,54396.0,1443.0,Conditioner 4
854,33684,Cond4_Fan_Speed,0,54398.0,1443.0,Conditioner 4
855,33685,Cond4_Pgas_Suct,0,54400.0,1443.0,Conditioner 4
856,33686,Cond4_Pgas_Evap,0,54402.0,1443.0,Conditioner 4
857,33687,Cond4_Pgas_Cond,0,54404.0,1443.0,Conditioner 4
858,33688,Cond4_SP_Tair,0,54406.0,1443.0,Conditioner 4
859,33689,Cond4_SP_Hair,0,54408.0,1443.0,Conditioner 4
860,33690,Cond4_SP_EVV_Superheat,0,54410.0,1443.0,Conditioner 4
861,33691,Cond4_Tair_In,0,54412.0,1443.0,Conditioner 4
862,33692,Cond4_Tair_Outdoor,0,54414.0,1443.0,Conditioner 4
863,33693,Cond4_Twatter_In,0,54416.0,1443.0,Conditioner 4
864,33694,Cond4_Tgas_Suct,0,54418.0,1443.0,Conditioner 4
865,33695,Cond4_Hair_In,0,54420.0,1443.0,Conditioner 4
866,33696,Cond4_Humid_Percent,0,54422.0,1443.0,Conditioner 4
867,33697,Cond4_Humid_Running,0,54424.0,1443.0,Conditioner 4
868,33698,Cond4_Reset_Alarms,0,54426.0,1443.0,Conditioner 4
869,33699,Cond4_Louvers,0,54428.0,1443.0,Conditioner 4
870,33700,Cond4_EVV_Valve_Position,0,54430.0,1443.0,Conditioner 4
871,33701,Cond4_G_Valve_Position,0,54432.0,1443.0,Conditioner 4
872,33702,Cond4_GE_Valve_Position,0,54434.0,1443.0,Conditioner 4
873,33703,Cond4_EVV_Superheat,0,54436.0,1443.0,Conditioner 4
874,33704,Cond4_Freecooling,0,54438.0,1443.0,Conditioner 4
875,33710,VS_Status,0,,,
876,33711,VS_Control,0,,,
877,33712,VS_Damper_Position,0,,,
878,33713,VS_Damper_Fault,0,,,
879,33714,VS_Damper_Status,0,,,
880,33715,VS_Fan_Running,0,,,
881,33716,VS_Fan_Fault,0,,,
882,33717,VS_Fan_Feedback,0,,,
883,33718,VS_Fan_Status,0,,,
884,33719,VS_Heater_Running,0,,,
885,33720,VS_Heater_Fault,0,,,
886,33721,VS_Heater_Feedback,0,,,
887,33722,VS_Heater_Status,0,,,
888,33723,VS_PDS1,0,,,
889,33724,VS_UT1_T,0,,,
890,33725,VS_UT1_T_Fault,0,,,
891,33726,VS_UT1_H,0,,,
892,33727,VS_UT1_H_Fault,0,,,
893,33728,VS_TT1,0,,,
894,33729,VS_TT1_Fault,0,,,
895,33730,VS_PD1,0,,,
896,33731,VS_PD1_Fault,0,,,
897,33737,UPS1_State,3,45217.0,1411.0,UPS 1
898,33738,UPS2_State,3,46112.0,1444.0,UPS 2
899,33739,UPS3_State,3,46147.0,1445.0,UPS 3
900,33740,UPS4_State,3,46424.0,1446.0,UPS 4
901,33741,Calc_Avg_Hum_DC,0,45447.0,1420.0,Calculated
902,33742,Calc_Avg_Temp_DC_Cold,0,45448.0,1420.0,Calculated
903,33743,Calc_Avg_Temp_DC_Hot,0,45449.0,1420.0,Calculated
904,33744,Calc_DC_Total_Power,0,45450.0,1420.0,Calculated
905,33745,Calc_IT_Power,0,45451.0,1420.0,Calculated
906,33756,SHBP1_PM_CurA,0,45222.0,1412.0,SHBP 1
907,33757,SHBP1_PM_CurB,0,45223.0,1412.0,SHBP 1
908,33758,SHBP1_PM_CurC,0,45224.0,1412.0,SHBP 1
909,33759,SHBP1_PM_PA,0,45225.0,1412.0,SHBP 1
910,33760,SHBP1_PM_PB,0,45226.0,1412.0,SHBP 1
911,33761,SHBP1_PM_PC,0,45227.0,1412.0,SHBP 1
912,33762,SHBP1_PM_VA,0,45228.0,1412.0,SHBP 1
913,33763,SHBP1_PM_VB,0,45229.0,1412.0,SHBP 1
914,33764,SHBP1_PM_VC,0,45230.0,1412.0,SHBP 1
915,33765,Outdoor_UT1_T,0,55007.0,1419.0,Outdoor
916,33767,Outdoor_UT1_H,0,55009.0,1419.0,Outdoor
917,33825,UPS1_Model,4,45218.0,1411.0,UPS 1
918,33828,CS1_Fan_State,0,56366.0,1417.0,Cold Contour CS1
919,33829,Alarms_MaxSeverity_AUGPT,0,46431.0,1421.0,Alarms
920,33830,Alarms_MaxSeverity_Vent,0,46432.0,1421.0,Alarms
921,33831,Alarms_MaxSeverity_Climate,0,46433.0,1421.0,Alarms
922,33832,Alarms_MaxSeverity_Electr,0,46434.0,1421.0,Alarms
923,33833,Alarms_MaxSeverity_Cooling,0,46435.0,1421.0,Alarms
924,33834,UPS1_Output_Current_L1,0,45219.0,1411.0,UPS 1
925,33835,UPS1_Output_Current_L2,0,45220.0,1411.0,UPS 1
926,33836,UPS1_Output_Current_L3,0,45221.0,1411.0,UPS 1
927,36348,CS1_SP_T_DCout,0,56116.0,1417.0,Cold Contour CS1
928,36318,UPS1_CurrentLoss_A,0,46082.0,1411.0,UPS 1
929,36319,UPS1_LoadPercent,0,46083.0,1411.0,UPS 1
930,36320,UPS2_Output_Current_L1,0,46113.0,1444.0,UPS 2
931,36321,UPS2_Output_Current_L2,0,46114.0,1444.0,UPS 2
932,36322,UPS2_Output_Current_L3,0,46115.0,1444.0,UPS 2
933,36323,UPS2_Model,1,46116.0,1444.0,UPS 2
934,36324,UPS2_CurrentLoss_A,0,46117.0,1444.0,UPS 2
935,36325,UPS2_LoadPercent,0,46118.0,1444.0,UPS 2
936,36326,UPS3_Output_Current_L1,0,46148.0,1445.0,UPS 3
937,36327,UPS3_Output_Current_L2,0,46149.0,1445.0,UPS 3
938,36328,UPS3_Output_Current_L3,0,46150.0,1445.0,UPS 3
939,36329,UPS3_Model,4,46151.0,1445.0,UPS 3
940,36330,UPS3_CurrentLoss_A,0,46152.0,1445.0,UPS 3
941,36331,UPS3_LoadPercent,0,46153.0,1445.0,UPS 3
942,36332,UPS4_Output_Current_L1,0,46425.0,1446.0,UPS 4
943,36333,UPS4_Output_Current_L2,0,46426.0,1446.0,UPS 4
944,36334,UPS4_Output_Current_L3,0,46427.0,1446.0,UPS 4
945,36335,UPS4_Model,4,46428.0,1446.0,UPS 4
946,36336,UPS4_CurrentLoss_A,0,46429.0,1446.0,UPS 4
947,36337,UPS4_LoadPercent,0,46430.0,1446.0,UPS 4
948,36349,CS2_Fan_State,0,56311.0,1438.0,Cold Contour CS2
949,36350,CS2_SP_T_DCout,0,56256.0,1438.0,Cold Contour CS2
950,36351,CS3_Fan_State,0,56561.0,1439.0,Cold Contour CS3
951,36352,CS3_SP_T_DCout,0,56506.0,1439.0,Cold Contour CS3
952,36353,CS4_Fan_State,0,56756.0,1440.0,Cold Contour CS4
953,36354,CS4_SP_T_DCout,0,56701.0,1440.0,Cold Contour CS4
